{"stats":{"minecraft:picked_up":{"minecraft:stick":16,"minecraft:oak_fence":4,"minecraft:sand":95,"minecraft:oak_log":9,"minecraft:dirt":88},"minecraft:killed":{"vampirism:vampire":1},"minecraft:mined":{"minecraft:grass":2,"minecraft:tall_grass":1},"minecraft:custom":{"minecraft:time_since_rest":38545,"minecraft:play_one_minute":38545,"minecraft:crouch_one_cm":3900,"minecraft:sprint_one_cm":8912,"minecraft:damage_taken":215,"minecraft:walk_one_cm":35516,"minecraft:sneak_time":1672,"minecraft:walk_under_water_one_cm":19868,"minecraft:mob_kills":1,"minecraft:jump":66,"minecraft:damage_dealt":97,"minecraft:leave_game":1,"minecraft:time_since_death":38545,"minecraft:walk_on_water_one_cm":55548,"minecraft:fall_one_cm":1045,"minecraft:fly_one_cm":197686},"minecraft:used":{"minecraft:redstone_torch":1,"minecraft:oak_fence":37,"minecraft:sand":212,"minecraft:bricks":26,"minecraft:redstone_lamp":56,"minecraft:tnt":86,"minecraft:oak_slab":95,"minecraft:oak_planks":50,"minecraft:oak_pressure_plate":21}},"DataVersion":2586}