{"stats":{"minecraft:picked_up":{"minecraft:stick":16,"minecraft:oak_fence":4,"minecraft:sand":95,"minecraft:oak_log":9,"minecraft:dirt":88},"minecraft:killed":{"vampirism:vampire":1},"minecraft:mined":{"minecraft:grass":2,"minecraft:tall_grass":1},"minecraft:custom":{"minecraft:time_since_rest":43837,"minecraft:crouch_one_cm":6205,"minecraft:play_one_minute":43837,"minecraft:sprint_one_cm":10060,"minecraft:damage_taken":215,"minecraft:walk_one_cm":39792,"minecraft:sneak_time":2331,"minecraft:walk_under_water_one_cm":19868,"minecraft:mob_kills":1,"minecraft:jump":81,"minecraft:damage_dealt":97,"minecraft:leave_game":2,"minecraft:walk_on_water_one_cm":55548,"minecraft:time_since_death":43837,"minecraft:fall_one_cm":1045,"minecraft:fly_one_cm":219274},"minecraft:used":{"minecraft:redstone_torch":1,"minecraft:oak_fence":37,"minecraft:redstone_lamp":56,"minecraft:sand":264,"minecraft:bricks":26,"minecraft:oak_slab":95,"minecraft:tnt":86,"minecraft:oak_planks":51,"minecraft:oak_pressure_plate":21}},"DataVersion":2586}