{"stats":{"minecraft:picked_up":{"minecraft:stick":16,"minecraft:oak_log":9},"minecraft:killed":{"vampirism:vampire":1},"minecraft:mined":{"minecraft:grass":2,"minecraft:tall_grass":1},"minecraft:used":{"minecraft:oak_fence":33,"minecraft:redstone_lamp":56,"minecraft:oak_slab":95,"minecraft:oak_planks":12,"minecraft:oak_pressure_plate":21},"minecraft:custom":{"minecraft:time_since_rest":21342,"minecraft:play_one_minute":21342,"minecraft:crouch_one_cm":3296,"minecraft:sprint_one_cm":7869,"minecraft:damage_taken":215,"minecraft:walk_one_cm":32502,"minecraft:sneak_time":747,"minecraft:walk_under_water_one_cm":12027,"minecraft:mob_kills":1,"minecraft:jump":54,"minecraft:damage_dealt":97,"minecraft:time_since_death":21342,"minecraft:walk_on_water_one_cm":30048,"minecraft:fall_one_cm":1045,"minecraft:fly_one_cm":52466}},"DataVersion":2586}