{"stats":{"minecraft:picked_up":{"minecraft:oak_pressure_plate":15},"minecraft:used":{"minecraft:oak_planks":431,"minecraft:oak_fence":66,"minecraft:gold_block":1},"minecraft:custom":{"minecraft:jump":80,"minecraft:open_chest":1,"minecraft:time_since_rest":41258,"minecraft:damage_dealt":18,"minecraft:play_one_minute":41258,"minecraft:crouch_one_cm":1289,"minecraft:leave_game":9,"minecraft:sprint_one_cm":8731,"minecraft:time_since_death":41258,"minecraft:walk_on_water_one_cm":37751,"minecraft:walk_one_cm":11383,"minecraft:sneak_time":1274,"minecraft:walk_under_water_one_cm":3121,"minecraft:fly_one_cm":255430,"minecraft:fall_one_cm":209}},"DataVersion":2586}