{"stats":{"minecraft:used":{"minecraft:oak_fence":66,"minecraft:oak_planks":230,"minecraft:gold_block":1},"minecraft:custom":{"minecraft:jump":69,"minecraft:open_chest":1,"minecraft:time_since_rest":22071,"minecraft:damage_dealt":18,"minecraft:crouch_one_cm":824,"minecraft:play_one_minute":22071,"minecraft:leave_game":7,"minecraft:sprint_one_cm":3796,"minecraft:time_since_death":22071,"minecraft:walk_on_water_one_cm":6232,"minecraft:walk_one_cm":10137,"minecraft:sneak_time":1045,"minecraft:walk_under_water_one_cm":969,"minecraft:fall_one_cm":209,"minecraft:fly_one_cm":237200}},"DataVersion":2586}